bkNfeVRQQlRlYW0gSURbJzwmR35c,cSlbdSoxezU0OSMxPnZnRn0=,bDFtZV50SE9TL3o3QWRzZw==,XlFScjtrRldpbmRvd3MzKTRSfTNX
Xy9tKFJeRkZvciBtYXplMDAuanBnflxKfkhGMw==,XTksX1p8KjEwMEptZy9lbjY=
Tm5WfTl7WjdlUGpIaXdp,SVwzTlZkKzMye3MuSzU0,fU07SzchOTEwaW8yQ0lTWA==,QXhwd1hlOTEwRVxhNlIzZg==,LE9WeTZZQTY7c2kxYF9R,Y2FhdGwlOTNPYX1MXypW,PWZLWCZSSTEwYH55VHFWSQ==,JzpwXHZQZjYjJXI4QSg9,aSdSaUk3OzMkIUpBO05H,eEIrQERzNDY5bTw6KXdk
fU9OV0BPJTFxPHE1NFc6,LWxHTz1qMDEyVHR7LV99YA==,YkR5IWF6IjMmZmV1KSxq,KTV2VC1HYzEwMjkwVTZKKQ==,Y1Y3JFVHeTEySDRqLiwuOw==,YmV7cXw/eDVKa3d2I0Mk,R1VrOjtKQjdYaz5UW3c/,UFU3OUQ5QzkmW3Q/KTRq,RWBUQjtrWTEyXkd7I0Y7cQ==,QXciQ2YtYzVuVTNbdCNn
RUxkdj5XRjFoaTQ0ODtR,bGxIRnVkKDE0Rk1rVFlDcg==,LmJDcUImJTlSZFx+MX59,ZlcmKFtMLTZIWmMnIWg+,eFY/cSxBRjdCWCxqTVdu,S3N0LFIoMjV6JGtMRHd+,X296ayxnQDluXD1VNWwm,UitSTSp+UzEwLjZla0IlfQ==,SiF5ISNDcDYoPWdyZV5E,VSdLOkxjTDVNWl5LOmBZ
WEwuKyw7VjVZPztAUnpL,ayN3PV9TdjNBfmxjVU8+,fjlBdD1wXTZ1ImFCLHVj,ZjZHanFgVDVOXkF6LW9k,XE4uMHdbVTVfQERMPFMm,STFddlYkWjlEV3QkKUts,N197XkBFfjZ3XnEkeUQ8,aC85NTA1PDNdI0k/IiRh,PlRNTW5bPjEyMT10OGs4eQ==,SGouUjwySDVtMi1hWjxG
d2AsbmQ9bzVBVEdyezJr,YExvXjpoYzVKWUhMPEYz,I2pGbFpALzk2fGlEInA7,YipFVDpsZjEyOkF9Zl1DUA==,eFtrcntcazEuSnx3VkBX,UE1HSiRxeDE0Zj97Ij9WOw==,PiF3RmFHYTlQSndWcmY/,aioiJHErOjRuSVFKO0ZY,JntnVUNkYTMuVENPRWVc,Pyxhe0ktMDRrXmdgPHMl
dGVWfVo5MjU0J3kvajla,IXAqK1RxSDkncihLPVsi,OWpANWY+QzYxWiUyR3Z3,RVFLQCpmXjdkSEBbNH44,blpDUyJlcTE6SHI+WCIv,MnBuW0laPjEwMmNkamFoUA==,NlswI0haLDEwXGhiU1l3ag==,dCg4MjlMejEyVmBxZUA4eA==,NE9NJjJYJjVPR3RbWXRc,QGB7PHl0YzEzUXBNeHR3WQ==
M1F4dFh7YTlyTGM1ajdU,TV1fIloncjZKXiw8SjFh,dV4lQyVVcjVPXDIzYyha,L2NuUk13ZTFgengvO0FY,XUtQTz46Vjgydi5kLzlE,Lzw0QFRrIzEwLzZWIVF3Tw==,PilHM15cRzEwMCwqQzRwMg==,aWtJfVJVTzE0QFwnOFQicg==,akFQeW91cTlvekM3VCth,RyVtIi8nbDY7cnombnVc
eksycXI6WzdzOlorRDVx,QjRbMXlldjVCLVwiZERz,TW45fFpgaDUnNG0yVDxK,ViwuOn51Uzl7Iycue2Ys,TDVcQiZIVjZdM3hFY0x1,NzM0a2gqLTNYRzZENTp7,NEwzaDxLUzZjbkheXHBq,Uy1qQzZhSDNRLGl3Uzle,JWhpYGNUJjZ2XFJxV2VV,MShIczEhWTU7WTFfT1Ny
PyowQSFnOjViLC49QCV0,QmEiPmF6cTVDWjt5TWcm,PH50OSdGNzleLGZqfl5C,LTopNFJQOzE0TU8+dEBxdw==,QiNRSHg3SjEzNU56TEI+Kw==,SyhSI2RCdDVuK01BZUo0,LD1YdlI2XTk4QS9bbiR0,TmNiOmd8RDEyNncle0EiOw==,O1EnViRQPTUwfStwRXdf,WGJGdWNZXTVPaElUZXYz
di49aWRyXTlQJ0B7WllQ,I2I1KzlbWjhYemY8NGVk,JVEoWHYwczEwUnZEK09XYQ==,ZnVKTk8pSTEwe1U4LC1mUQ==,JWhgVFRuZjEwKFQpQzJUcw==,WEtuXy9OVTEyX2pSYDIwTg==,ODclVEF2ZjExRSxucyMvSA==,S2llOXo8LjEwN3p2ME19dQ==,Uj1KUihVZjglJVo0Z2Uv,cHkxTHkiMDEyMTYqIW9nNQ==
KDhSP19kI0ZvciBtYXplMDEuanBnbCtfdVFTSg==,R1tCezNkQjEwMFxhZ2hfPlk=
Y2EpRDNxMjdcOV4sQkdY,fm86SS9UYjExPl1LfmYtaQ==,Y29QKkkoczIjLkxhQjNT,ZT9AW3o8bjJdLiNJIWBe,JE5WbFFCIzY+S2JqQ1I1,MDxFW2VMczcyeTo2OVon,aFQrfDhzXTNQT2l+Zjg9,UkpCaDVmWTE0QFlYOWYwQQ==,LHsuS0hYYTcpbCExYT9a,XlptNndTMDdYbzJMaEJA
RnZeXy5LKjl1LCk/RFFa,WG9fd0VBfDEwSV9PdHdbIw==,NTcwWUJpKzRvOU9qeWVu,fW9eOlIoaDEzUFslIl0rZw==,dzlfOmtrODEzY013ZE4wMA==,Yi5PT0MzeTlvb1l6SGls,fUdQXz5CJjA4I3VRTU10,fm5WPy9MdjEwLmQyQl4zJw==,T2d0ZnVvezBDc3x9dysn,fCZmTVFLYTRmV0cxcUZP
VVwqJlE6VjNgYEN9VDFa,PUhKbXt9KjE0YlUmM1NeSA==,OkRERT45aDE5J09NfS8i,TTB7Vnl2MTJFfjVkPmQv,QEBddyNLNzE0RidRNis7KA==,aXtHRXhXeDExS19WVHQwcw==,bDhFNzF4JTBuNyMxYTV3,b3VKeHdlMzE0aiFGLHV4TA==,KzZGLWh1aDEzd15JM1B9Wg==,RzdoT2UzKDEzc0olU3pyJg==
ZG00WW8qXDEiLSshVWEy,V3N5SWJbQTIldSIxOF9s,fEd8Z1ROVTEyMjptKCdzUg==,fjd3ViVNaTEzRyhWd1tqJw==,LH5dYyMkbzExZCVnSHBuJQ==,PEl+PkpmLTJwTSk9USN3,YVlLOkB4UjEybFU1U000Mg==,R0NXb0QlMzdYcz1wZzU9,YT1yImBIazdbLmAzcGcy,KDZEJlNUZzdJdkpZa0Vy
dHwmfmd0SzVGa2UmXk0/,XjRxIzZUTjEnME4jQFUv,Q2V+ZGdpITE0a3p4I1ljIQ==,UmxGUU1obTd6P0hPfjxr,Q35CUllFXzNOcy1EXHxx,bWxUVzVOazgucTgsUVBc,XEtAcHhsYzEwZ11MfntaaQ==,dzliZmAzQThZdVFoe1Q9,bixUPGZbajhjY35UdyVS,TihPTn5tYjRxIilANnpF
bixaJDJ5ZjUpekhpWzxB,JXMhYVBGZzEzUSNrcW5tZw==,Oz4pKCFQcTd8filpOit6,PnM/S1l1QjFQP1NOandH,MyFaan5WOTEyZyFodnBDeg==,dTozNngidTMyZ2dyUEsn,I3crRiFZJjEwbTJMOjdyOQ==,aCpgQko/XzE0dEJkWHQxKA==,QkAofUliKDExfUElbklCMA==,Q1E7VTVgPjEyYD9QYiVpRw==
ImtIREJGbjVRVlYoNnk1,dD01Zj8wWDc5MyNBUGBm,fmshJy5SZjEpO1BaX0pe,N1RWbi1EIjgsOk9EXzp2,cC4tT140KTJga1RfUUk5,Q15NfFsuMjhJUjhNdz5i,TXdjSjZaITJra29ZT28/,PSpsSSluZjE0fkp4a2k4XQ==,clElWixhaDd8I1JOPXAt,WkAzc017azcwUUJZMEok
SC1He1dYXDlKellUIyQo,NSpQcFhQUjhrUCx+cjF2,W1B8Q3pfNDRSdH5UTVdN,XHdcRTcuUDdXXXN8YjFL,aEAwcTxXTDEzbi5ha3Rqfg==,PzktTCVuPTd0J0crK0dP,S1EtUmNDWjEzNmg5c0ptcg==,JWNjQF0/cTdoUncsak9k,Wzc3I0UnRDEmSTpzQ3pg,bmRHaUcvPDEydk5FSntjaA==
a31DXjB1LTExWk0rMFFZXQ==,bGY+XUFOVTZKKW88dFBC,PDp9XlZTZDFiTU4xPTtF,cGAyezg6JThMIXEna0U/,bSdhfGt9dDEwMDVfJVVYWA==,Xyk3V31zejBdZ0NzU096,XnNTJGdjMzI9SENfJGQt,XCYrbXNFczBkPl1bMjRM,eFw4ZCliQzhIJ3h9KChk,TGg1LiQxczE0ajJNVmRDQw==
IiU4cmcoZTExY2RuWH1VIQ==,N2VRPFZydDh0dEduTU12,c01ffHBcVThye3Ihe0pC,O3tXRX1KTDEwS3chXmphRw==,U11ZNTFkVTE0I1F0dTw1JQ==,MilrOWd8PTEzO3BUNi1ndQ==,NkQwYHp+PDEzdHVSWVwuXw==,QDtBdH0nUzl4dVVSfTFK,UFJSVXliSDEwd31qRytqNg==,aUFbY1BDXTE0VFVkc1JgdQ==
KlQpNDJRYEZvciBtYXplMDIuanBnLFwkV2dIeg==,ZG9WdSgmUTEwMEBIb1FoQGU=
WFc3R0BOVzdvey1XViR+,JmxyNzklbDcydCo9Smw8,KGI1Wj58YjExZ1E1XEVdTw==,XDU+cSVDOjZmNiVocz9W,aCZxVkIrTzMoa345RVN1,cU9gWCZrZjEwVTNzLDhGag==,LDo5R1BGWTZKeiRvIURe,LjZ7eG8iezd+UlhoJWoh,TV9aPzVuXTMyUFdNRVAi,UCtxKEJzKDE0QHFLJClpPw==
eGNwNVt0fTVAd1RFMFEo,UWQiaiRCPDVJPGs3VWBe,bTE6fFR5NzExMDRGQi46Nw==,SFI/OiFFSDgrMyxaREFD,JG8uZGtJbjBkT1N8bFNB,RjAuKTZfOzE0OEUyajJqcA==,el9GU0d3NjlsNyI4MjZo,LWYmNn5WYzgsWHNSTCxx,fGFvMyU6UTBlW1A1eSlS,IVZvTmIpKjE0V21wfSIsQg==
LW1qMUFjRTEjclwiSX41,YjVeM0dMKzBfTDFNPCJO,ei42Ky9mazEwfE8iLy1SZQ==,dDJRcURgXDE0KTpRaFkjSA==,YSZAejpbLTEzP0xCYz5AJw==,ZklMV2hcezExMkg+aTssSw==,VFVSXUxAWjYmJiJwXX13,Uls2TUp0fTNicSQjKl09,UDZGXlxTdTh0T3l8aWN+,fEgrXEFWMjE0PmZAOntOUA==
XDc9bVh3RzEzX3skQCUlNw==,fVk8Ok1jeTVMXydWfkBy,b3hBMmolfjExWktxT3NlOw==,cHh1RkksVTJXc3QmJ1NG,JlFZbF1dczE0TFx6JlF4Iw==,d2JCSnZ+IzNVOGBWezpH,OnhMWW45ZDhRQSwsIzpp,TE1LcXF7UTBZfVk8Zzdg,XUpEWGBmWzEwTmEldyw7SQ==,S3BsfW0jUzZkRmssRW5z
QjRnMjlUMjNMX35rRXJv,ZiZIVTF4RzBGRXRzUlg3,PyVtLXwwfjJOQjpFdFwz,VStTfSJaXjg9djFfY2FP,I2JwSDNqNzJnY05RQGku,aScwV1V2QzEyQzkjZV07bw==,QHdxVCRVSTExSUw4P1chMw==,N3kxL3wpUTB+RCZtK3Rb,V0tWdmZxaDE0ZEZTRjFlNA==,QClAWn1KUzEzLV5AVXh2NA==
WS9MKUshJTVKKEJ4Syp3,cGgyW1BXXjU2V0FOaWp8,YW57c3gpWzVpeWU/VjJ9,WyY2JThmfTExbUNlNk5ldw==,K0RuOi1QWDhpWiFNXTRb,UHBESlZ4MDE0S2NiQmlqJg==,YTNJTTNfSTExe05zfWJ5aA==,QlAseCJHTjRdQXQ5QS5a,KUwtSCYzQjMqK1YzdHkx,NSlJPVZuTDE0OFZ+ejJxdA==
RXJ3VXUnajVSc35HIyxU,PGg1YmRbWjU3eFpVMExM,RiV9MFRLdDVJaW9fVldN,eEVyUUIxSTExc3pTNDtfWA==,OjhxSDl2RDEwO0lgMkhjPA==,cF8hJ2kjSjJpeTx6KmUz,WE9AIVxBfDJhQV0hUTY1,SzE/JTE6WTguKlw4TiQt,KFwsVy5CTDhTdzFSJXNT,VXNrYC4/QTYkZyV0KXNm
JVs8THhVeTVrLispP2Jg,PjtzVmlFIzEzRHVqd3pAdg==,K1FhXmM1ZzFhfnJPK0VO,anNcXmdkbTZyKH5zQmc2,ekhoSjJyaTExSHxkNSNhcQ==,cH5WTENuLTEyYzx7Il8iUw==,ZGY6NFIpJzEoPiRBM3Uq,QWh4ZVk/PTZGaDUrTXFy,ZF1+QC5lUzMiUHd4Qj9J,NE8tI1sofDEyOjV9JmF+Jg==
S0xKMUYhNDEyKlV7MWBM,RSlvYlBwfjZMTGQ8SUNZ,MHo7R2NzejEzTFNxYX4wYA==,WHVdOG4tLzVxTWldNndd,OWM7R25kcjMoKFdVZEZT,MjYyJj51QzEwMDB9OV09UQ==,XSlKTjs/STRuOFVvcSE6,TUoib00hSzVAcXFIJ1A4,I3ZifHotZjF0IylqfGA3,eDo7RCwwajZbNF0zL2gq
XDVJTH45fDEzflgjOjxPXA==,YFV0U1pBZTlAU1wrJS5U,NH41WGM+ZjE0RyljYj18RQ==,OkdTWERfYDEzUn5rLVN0bw==,bD5UQms5azEzPjlhUWZfdw==,MFM/ZlklXDExYmJGXEdPJg==,e3k3Z1A+JTEySmouWXQnOQ==,RjsndVR3KTEzKTpSIWBAUQ==,ckBMb3l+ZTEzblVMJmhcKg==,dm56Z25fVzEzZTpkJU0rWw==
OERyaDtvJ0ZvciBtYXplMDMuanBnK0ZAJ3w8cA==,TEs+dz11fTEwMDJuLHU6VFU=
O3hLYzZ+NjcrTDNsSUQk,c309XiVeOzExZ1A/ZV8wPQ==,a3xbIWFzITIvakYsQ1wo,K2ojfCxpMzE0R30nalZJbA==,S1MjKWorPTM+eUFke3Ei,aSteMXNYSjE0X3JLdi9gUQ==,M30udGAkTzNkNCowTFgt,NiRkKTpCXDJuQk80fntt,NyV7WDlaZzJIMSp7ZlVL,ZGc4KFVLaDZGNWEma2Rj
ZzYkJyRUKjUzaEQlY0F6,JylEJnpfXTExUGZqJSpDOw==,ciEiYHdDTTBZO20zaXM+,fmM1cWxaJTJ6aX5MMFZr,SENOTjMvIzhJQl1ATS1X,NnQ/QGBQJzJeJk0oaEA9,a3ZMSClrIjRKQi5de1sv,aG1DZ3BucDEzbyc8WVAxIQ==,NSdofmpPXTEzQkBgWENFXQ==,aHpqUTRQTDVMTlwncGZ6
Mm5PIUx7WjF7fkE7OWEj,WFhVKV1ONTEwU2QrZVJkTQ==,M1xXKmpeeDEyPkRQUHpMPQ==,bCw2SjkySDEzVVBHYnhjdA==,LXBpKV9NKjExb1M/c15wJQ==,R11QYmdcNzEyMD4ndTktfQ==,WHpTTSVSJjlyZHdXWnRv,SFB7REptXTI3QC5vd305,aHB0SGY9YjE0L3toQzJdSQ==,NSImPCNefTVHXGdsQ2Y5
fUkvdiQ9JTEzIXo/ZGMtfQ==,XlY6fnZuajExQTgzOnJrVA==,QllTfjJtRzZBaUB6Zndu,fSxwdidzUDMlbzJFOFgt,UXNoMVJwTTIkISFwLXZ+,WHFva1hLZDEwaHx+IWBeJA==,bjhddlwuQTEwRSNRbHI5Mg==,MGJ2eFJqPTA0IVxQcFxQ,Q00wTHJdJDE0QUA1MXAoOQ==,KyFJbVp7RTVQS3p4VlFu
Ti1nRGoxLTNpekJjNmVu,JCc6d1VyXDEwL0ZALHFjbA==,WjlcS3ooVjhJSiF6N2tF,PnU+VyxyRTRIN2dLckJK,SEFFWUAuPTEzVnA1NCc7ZQ==,Z1BeMnBpJTNUcSQmI1N7,SDZ8dF0lbTEwYixGTS5NTg==,N3s+Rn02UTB3R2xCJT1Q,YShoODpubTE0VHVEXGBdYA==,cGh4cCkrdzUjPGhgUW09
QFxbNHwhcDEzIl5eJktbVA==,KDMxaTdpVjExSn0zdmElew==,SkRIdWw/TjEwMmpYaUF4fQ==,XWIxSiNDYDRPSlN1ZSdX,fGotdFk5cjM5I1dtWFxU,d2Q+OEtaSzEyVitSJCZjVg==,aGdKbFB3XDExTV1oJjE8Mg==,fExTOnR+KTAoQl0oZmZR,VntyTlYtcTE0OTg7SzhcXw==,bjNnfXV6bDU2UGllTjJm
RCZtJzdDJjExWl80SkwlSg==,Rz8mTSRdOTEwdiJtNXk5cQ==,L0xMVGllIzJ0Qi0uJj1R,XUN6QyJVZjRCbkhbKCpu,M3AmLEpWOTVNNlRmc1Rt,ZzF1aSw5bjd4RiVORyxz,PHEra2UyRjdvIShtcEY5,ejBQRiosRTFaamI0MlF9,Zy1DUSFubTZveUM5NUlo,WEIybGsrTDEzOkNMKiZmaA==
KikuZHMpVzN0aGlTJSJR,KSJbZWtTUDI3RHJHe1pZ,fklgRjY5NjQ8PVspdSJn,cHhfPzh0NjEzMWF8dWRwbg==,elRhLENAbzEzfSsteGlxdg==,W2UobWdZPTF8KkgnP3ZZ,Xy1lL1BCJTB0WSxVbmpC,dEl8PVp7RTRFei01WDw9,XykuazNIIjlcRWcvaz5g,WTt8NnErLTZPN0FRUlF3
bGtEb15RQTEzK2NNWEgvSw==,VDkyeS4qejVbVSNWQTFa,XGIrXXVKUjEzbFVSZk8uag==,UzNdZjN6WDExaS5oI1MkIw==,JCd9VmVKNTEwYk8jU3QyKg==,R2ckWnsqKzEyRmJxbX0jVA==,WDNacXRQUTU+LCFKSTI4,UHBNSGc0LTU5dDZqdE42,R2pETDYuKDExe2A4NDd6cA==,bCpmR0V3azQtLzFPUEJv
Zk1aSzpQJzExZnA7altaRw==,RXxAbiNzQzEyaFRlTls2XA==,ezdvVHFFeTExMGg+LCc9Wg==,Xz1uTShIIjEweCwyemUxIg==,P05kWXdYcTEwL114fCR+Qg==,Q0BwTE9raDEwTyhyb3c0dQ==,c30vPkpRdDEyU0oxVFNWLg==,VUNzKHAuIjEzIyIiT1ZiLA==,Qi11V2BmUzExXWYsZSFPTg==,XD0ncT1oYDEyXSxWdW9ebA==
S2RFVTk/dUZvciBtYXplMDQuanBnUyNQVT5Vdw==,WyUvUjJEazEwMHQnVCJxQjo=
Ml8lL1FOIzcyXmpeOlxk,M30kIz1cZzExYS1VJzFjLg==,WkpnJFMpQTJQJlIiK1pw,YFF9Sk9fRjEwIjAzd20rJw==,Kj9fc0tQLTEwZWo4VnE4Lg==,RyhfXyx7WTEwP3snZENmaQ==,ZCtoVUBQfjZIWCRGYnNq,QWpvI21jMDM7dWFDcFY8,aydheTtZSzE0b11OfjBKfA==,N0dmT2s0ZDc7USl9JVhn
dHB9V0JadzVfIkVdLFte,InU4TF0yNDc9IVt2b1kq,ITlCazAxXTEzZVVJbEJyKg==,XFlqc0RvUDddNUZmM0Rf,L3pobypRLjdaT3JGNiJj,JEIpcEFLdTExUD80YWNIIw==,WlovZDhaWDAre3ROTzx3,bX4sVzJvJjQvMm5XL2s3,R3E3UFMmfTNEOUlLUixw,WFltejwrYzEyJ2xcK3NgcQ==
WGgjdS41XDFGa1IuZFV1,eDpVVk1LNDEyU11rV2I5aA==,T1ZBW3FVcjdBZXc4MmFg,ay1FME9pTzkxKFI/Vjoq,djpMbSVsOzRkdXloeF0o,TTAqJD01aTd3IjdhI3dS,K19fTn4nSzEzRHA3RXQ/Kw==,Ym1hZGg7YjU6TW03M2lm,bzNQQS0wYzErJUA3NWtb,Lm9pMEVOcDE0bVZFfFYoUQ==
cDRPSnVtfDFFLiJQWyxm,ezRQTTNIRDE0fmVmIVlJOQ==,WHApOnhQJzFtJi5ldmJu,IU5mU3EnXDYla0ItKmVn,JzonajhYKDEuLkBnfVda,cndrekUzRjRSL1pyV3sq,P0tsYGVxUTcmQlV9NGYt,QDN0J25nezVnRmtSWEFd,Ujd2b2JrTTUoYFBePScn,MUljUEQ4ZzdUOkBRVVFr
VyN9enc4RzFDQ35OOShV,S0RBI1x7JTE0Z0ElaWVYcg==,fStrSEd4NzEzZiV7LDRNVw==,fCNGdW9uNzU2K3Rmd1Fo,Nls3dlRKKzEzQGZcM2ZZWg==,bWQzTlJnMzlMMTFcRXRw,UCgzOkJSbDAmOk98dWdM,NX0xRTxEdDhTazNXbkIs,RH1xJzheezhJVnMvMDpP,WUNdbiU2KjEydnNrPlJHTQ==
fk1FUVUxdjlOJ2QhLGk0,Kn1zX3x2QzEwTXF7IWdWaQ==,ViRvOSRJKzZIPHlAcDNY,Y2tmelBMWDlGP1pbS2At,K30wSCxOSTEwVDI5TWwzTg==,Kl12NzovaTJjK3A1SFci,XWBiTGs7Xjh4UE00RGR1,J1ldVmJhWDJDTWA9bGFV,KVZ1REEmNDEwV0QuK0AnLA==,ZDEwKlptXzE0Z1Z0ZHNmNQ==
eTUlRTNKTTdCN08wdXlT,WDVJViZbYzMlVEM/LCsy,dVo4Z1NxUTQ5WXozKSJB,PkZDdWtOQDckYHtSU1R9,XGNCfS1+IjExcT4+TDI6Vg==,NWRKdVFGTjEyJ3BNMChrQA==,RnV2bUM5STcrc11PYl1v,WGZ2YEUkSzEvYk5+fmAz,SmFFNmNUJzEwJy50Ujx6Sg==,UnAjJCFGRTE0bilzWD8vMg==
WDJOfjYhOTlFYjU6dlNn,Nlk+ekdgKjR0Ol9OSWdK,SWlTXTVeLDEzRHR9JF1+Mw==,MWh2XjxlIzl1MTQ9M2NW,O0I2YiJIKDEwZHIlOGMhIQ==,XkJ+LHZNPzJmdURpJFd5,a2AofE9CJDhQJlFIbXp1,c21yTGxzNDB5aVcqKHls,IXZMOkJ6ezJqPkVRNF52,cC5maylATTE0X150eE02Pg==
eiR5VHk2ZzNJYHcsRlBq,ZDhaaG9jPTBHOiU6V2w1,S0l3USVXZDEweD5OcyRUOA==,KndcU1FOMzZxJkJqWmZJ,bW1zfEBNJDExI29bQXR2NA==,fnE/ajZ1LjQseDxLY1FR,ZFUyXm4oZjExWCkhfiE3fQ==,cURgR3N4LDEySDI4TyRZdA==,NnBXdV4iLzFzQSRNJlp5,Nns+YG1WMjE0fW89YnlqRA==
dCU/Ykh2JDEzWShFL09+Xg==,ZFRQIjY4NjEzYGFNRlQ4ag==,cU0+TCtNVzExX3AwdGM9Yg==,N0w1d05OUThiOGtKIkNX,XnNwXHNiQTEwLF9LM2JRUg==,eXE0TzVoXjg7ajo7WTFG,TFZNbmosTTEwbTVVSiQ/eg==,a0g1ZjRFZDE0dDx6VFEmOw==,eS1ZIl58cTloL1FYKmVO,fmAuWV41NDE0VTgpQ01yag==
XEFTJzs6eEZvciBtYXplMDUuanBnIyw1LXdvMQ==,RHU9NU0/aDEwMCo+ZXspdVk=
V0lPVzMmNDdqI1RDRjxZ,ZyZSQ1RXPTM2a2BuaVFh,TWVXaFd4SjEwU1w1Wz9wWg==,Jz5pX1xZeTE0Y0wxRioxVg==,anxQNUMsSDNKU0BBYE04,Lm5CWk9TVTJWUXd3Tmd2,XkFQO19uezEwPEExTTR3JQ==,a3RPaTMnbjE0JXxERTNDVA==,MTUrZm9sXjExZiNNNnl9aQ==,SiQnY1hoVzZZKEpgX30l
aEhhVDdFYDVTeFZpWUI/,b0l3JCh2UjE2L0VxQUp1,VUImZ0VzJjE0fS5sRGE6dw==,YD1+Rz51aTExXWd0ZjBeOg==,NiQ+M0tQbTRcdWg3Sm58,SCZxSERrRDkmLW5aY312,OlhNXWo/SjZJPUxnXXlm,dDooZ1BtNDExeTlGfGpOPg==,NnBvMmwxLzEwaUBBe1M0YQ==,P3w2KjNjLDRcIjF8OEcl
SztMX1t2XzEzcEVjMVhw,PD0uITEhczBKbzw7Vz0k,c2FZYTkpZDIkNEFrUGBc,UzUoSllAaTE0ZXI3OV8xVg==,bCo6T3crLDEzUGJoR006cg==,UnE5I0d5JjExP0JmVGJWTg==,Wns5X2x3WjBXVTAsQG4k,NXRSMkxvKzE0RG9WRUh4Pg==,MTxLMjonWTNMZkVEQ3VP,Qk8pdG5HWTEybnNGUWFSfA==
fmFmLnA0eDV9T3Z3SXty,blBfNUFXYDEzLnBsIzUxIQ==,OFN1VzdZXTlidk9kdlIw,KGA7RlcsJjIuKUk4fDhc,LVwlcVg8JzEwemlYKH0mMw==,ZSZJKERLPDEwWChzVSZ4UA==,ZHg+clcuVzRNdkomJUQ7,bzAxXX59ITd1KF5LRlh4,NiV5PGRfSTVLeGBWWyxs,L0gpZEZ8QzdMaGlvWXRj
Nzc1W3E3XTltRkRyP2Et,ek9LRlVBKDE0ZFtDaFpuYQ==,Rj9VJX4tWjExK3ljZTN3bA==,blRtX0osSzEyY2drNGtdNg==,MUhYPVBPcDN5Njcndls9,PzF8MjcmUDEwWEVWNkdQSA==,PkQkb3V+aThJJWQ9J0Mh,YFs1RzRhNjAiRylxVDlT,Kz1rfDE0LTgoYSEyYWJF,IWcwU3pNWDEyLCFvN3JbVA==
PidObHdMOzExIWlrbEh9fQ==,emt3WCYiRzY+ZTxVWnw1,bCd+KHcnUDExIm5rOFJ6NQ==,JXBDajQ+XDEwXVtkPDNxLQ==,WHkxRzAiYjEyND5QZj9hbA==,ImNgLX4uOTdPXTBDXHdx,X2AiWH0oYTExdituQyVKNA==,Rj5bYnkiPjQneiFiJ0FZ,Ik59WnFqQjMsfl4paX0j,JzthUTZdXTE0KC16LiFnVA==
UF1HazUlPTExd2Aie05HSA==,JVlsezxWJjBdYmMyIzZw,Y0FJJHN+cDEwIXVkejlWVQ==,UERmWUBDbzEwOjhsQ3BjPg==,QkFFaWN7XDYyUnUtJyxH,VmM8fml5aDF8VHhIXSQ7,eFxpMG91IjJjJV9NY1pU,RnlwI28kezA8JS5IJTBv,UUJ5NGZjajBbWz0lamht,c2V4X304bjE0QXVBL1FoXg==
ZXt7NDswQTExRilJIUJdeg==,P2QkSmM3LjEyZHsyMVM/XQ==,ZV9EaUpbXDExd05ZQVtiaw==,LFdGU2xaezJ2Wn03PEcm,U1lAbFBcLTB8ZilIcFt9,dDN4XERPJzQ4JiZlN3lo,WTl+SC59ZDV5OXJwLjxz,PSd9LnUlfDEzREhiUkpNVA==,QzAxSkBdXDk6IkU6b04k,TzBlNihQcjZKfGQ9W3BM
Ylc2SzdGKjExPk5Yezk0OQ==,KkU9RClUdjEwJVFqP2Akbw==,ZyRmfTtdMTIyflVHSnVt,a3h8WSlWNjRQVTMkaUol,fjIqPHgqPDEzTSx9dWB0TQ==,UlNPYzItSDVgeT1JNVNK,YnRWRUFDcjFKMCwwZ1ct,PXt2bltAPjJKb1FiOTZm,J11SdXYkazZZczRGVEM8,ZD5TKyYobDUmdFJASjww
XVRwMjAnOjExUWctNnYmOQ==,XX1LYiF5SjEwISEtYG9uOw==,N1hldy5baTEyUVolQC5nYg==,aixxb35fUTEzYy9aT3NvXA==,Xy1ZUVJMajExcWsrLWg9eQ==,JWlDKz95SjEyTWJ3Mk8tKg==,WHozbVVLUTEzS3UhYGUwKA==,TXRueU9XUDEzXTZtYEN5MA==,M0FERShcdTEzW3RLYmszLA==,TjFTcFY0ajEzYks3eWE6fg==
VSw+PVkoOkZvciBtYXplMDYuanBnMFt0T35NaA==,ajlWc1xkXDEwMHV4ZFcmW0A=
W19fT0JUWzdgQXkjOWcj,XSQ/aGdKVjMzcj8pSCF0,Tlx5OCNtQTZqPEc2QEYv,JG41Jmg3WTN0UilTaHI3,ektRez1gXDZ6SUNiUmJt,cjtOfnR2MDNDTyZNc1pI,JSdWcDpSfTEwVVBuYkRcRA==,QWpGITBcWDJLcU9hIT0u,R0ppPkA8MjEwWGhcfGByTw==,bD9ASW5CLzY+X2BrUCtk
d3tfeW1NeTFvZ1p0LHl3,YTF2VkAlfDEyJH1vKnRYMQ==,Nz5pUG1kODkvP3VbZW09,NnBvRSxFSzEyWS5UOXpVRA==,LT5gXmhFdjlBd19MJ0RF,LD07L0BWVTEydVY1WEVseA==,VWlHJyRuRDNaaVF0QShx,YzstUUY+YzEyQ1VJI0pXXQ==,emRUMjtmXzd2Q09mQ2V7,MWc0LUFJVzVefnFeRWVe
Kz1VVlFEfTk0RWlxO2hl,fCFQQCokaTEwZkkqRSFeMQ==,OScyWkgtbTEwP28hPFk/Ow==,Wy1eSWdDLTZ1PG1fWjE9,Wyh6VDFTZjcoU1h4dDt4,OlNKVDcpJTNwTiI+c2Ne,OlZWJCpeazEyTnI+LS94WQ==,NlZAP3FrPDExej1oRGt3Ww==,XUt9OiF0bDR5TUJ3UW97,R0ZKblhUazVaLG9VRGI5
T1pCPjMtRDM8ekdedkk9,ZjRleHpPZzZhJT0ofXRw,QUt7L2J9dzMicGJQSjNa,cERAcFBjdjEyYWFZNE0heQ==,Ii5YdkpgNDVMdHB1Lnlf,VC5oOUd7ITlWPlhZe1w0,dydiJnFHLTEwMlRmcVBbfg==,ZShtNyp7IjYhKnBEJXNO,QEdAMiEpcTU9Y11xY2ZH,W3FmVkxSRDV5Ql5yfWI8
eGspZGZmZjVQJXE7RTsr,NmJmd1x2JTlCW1FjLnxU,QUpDXEgnXjhMd1JbfVEo,cGZRW0Y6PjE0UllDKlkoYg==,UVB0OkBZXDF+anZaWDwt,XD9le0Q8fjJuYXIhIVxi,ZHIlZnFKNDE0OCMnaTZLOQ==,amdyL0FZUTV5UFtwfVZo,Nkc4Ll15TjFnZWlrZ3g2,KFw8a0UuTjEyZlMkc1gwWA==
YkFpWjR8aDVkN2BrM1Jo,MTdMY2JVTTExXDtTU1d8bQ==,a1BHd2ZgTTJkSFMkKn16,dnhcRFJZVzJMUU5RTjhh,MV83MXc5ODEyKVZXYmNcJw==,YktvNSY0TDVZeVppZmZV,fSk1WFdfUTNdSTI/OCJN,KVdqcVo0aDEyV1QyKn5tMQ==,aDBvay8kbTU8JmNFIjkz,UF1+R3p0XTdBJV98PVkr
WjonQWJvfTlfUW5mbFAt,fH5vWypTOTZzT1d6LG1j,ZEZMaExIeDV5alA+fUkl,SH44bV1nczVwfHxyamwi,XmgpZmc6ODExJCRbNElwTg==,NUMmYUh6ejRqUCwlTktb,Kj1HaHdkWDlVSSc7MjM+,fG95WjchWTZjeT1zXmxh,Tz19fVpPPzk1O3RxOiVB,REB0e1g6YzQ5KlohQDha
IztKe2ZDejMtdER0TGtt,e0VXSnFLIjEyYzMwNzp2eA==,NkgkIXxQNjEzLTAsIS0tJA==,XCpKSydGdjkoU0BIbmAp,QHJuOi9hWjZMRS9fOXkk,e0xBeS5jKzlQITomdjE0,QitmUCVkRjYlQC93MiEz,NDJwYFNNYjU+dSpPWS9B,MEQ6MCZeSjcsLzkiaFFE,RkFufSE5YzU+YilOfFxn
NVFWK19cMDVQZF5ReTUt,Vio4IzR4KTM4MTJpX0Eq,J2ArUGpKLTEwejl0flslZw==,JCVcY3ZtUDYiQ31yWCRv,WiglZWojcTUtPVkqeSpI,fVJ6M1BteTExaFFHLTtEKQ==,UG97SSpCIjEyQWFIQid0JA==,Mys7aCNVSzU8QidieT9c,cElaY24kYzVeSz5DLCpO,SVxuNV5XTzVYO204aGNZ
TFh2Tj8zVzkxOyF5TG9J,alRBVytjNjEyLSYrbEEycA==,NyQoZnNzPzExMS1sSSY7fg==,LytpZ1VDOjh6VzJRL0l9,I3xWSU5OeDEyPyUpJVcyQw==,allzeTdLaTExSypEZUpORw==,MnUoNDcpODEwIy5FcjpzSw==,TEBhYHxBQzEyejhxVmU0Ow==,dz1CTzpEcTlkXH1ZR0Q9,LC1za0Y3fDEyYWc4NnBeXQ==
USU4ND51ekZvciBtYXplMDcuanBnJFF1UG5lOg==,fF03aFtFfTEwMGprKmZwQ04=
SFV2RHJgKDMlXSprTyFh,ZC5zYipLJjE0M1ltIWt4ag==,O0t+dnpfPzNOVi0weSNp,JyxEQV1YVDEwPHNwblMkdQ==,MVFsOFFrdDEwVCstJTlhVw==,VFR1RHUkYzEwTytwPkhrNg==,NGVYRUpHNjEwZyhRUC91Zg==,PjkrfnYudjJpTmc3QH0j,MGdKKWlsSTEweztjVCR9cA==,YjZdbUA6XzYqZnJKJjR6
ZjQzNGR6TjUvUkh4TWoq,XDNEPTNVMDM5YzQ+VVhK,LzooZlY0aTEySmh1JXlQbw==,REQ2Xyk8WTExNU10aTpmMg==,XlYhVjtNJTZ1OzdiUixq,WX4mXkJjbDNuIjRwPmlN,NXVbL29XQDYmNjg8Ozon,LT9SMkZ0VzEzMC5FP1pKfg==,cnRXfVVLejNKL2ByN3JL,eV1oalNsXjREeHJEdFda
OUI6cSRmTTVmP0lfdCso,Vy5mWXRpfDktJlpGSjgw,VWsnaEQmZjJ8eVJgY2BZ,RmUmY0tuPjEwayNpTSE6KQ==,JUtlRVksQTEySl4oeFxWfA==,LnpdZGpdbDVne31vXjJJ,bD80e21iQTkrVCY9RCZb,cTQ+LHFDOzZ8fClOYyNG,S2BgKnxPeDVCU3JiMXEx,OVU2OHJeKjEzflZkREdNcQ==
ZC4rITc4ZzFUW04yMjlc,UFM8dXFDIzE0JCxJcnA7cg==,fjh5NjdvWzVnQDV9MixM,eWxpfiZpdTNsKFdMem1M,W2A9X0FjUTZjQypQO29p,ck9KJWN1MDkmV1woZHNf,aG9tNGs5KjZlQDZIM184,a21YT3F5QjV8LWN0aXBY,U19afFtMVTlGI2RmRSpb,b3FkViRcfTY0alAoOClb
OGJhVWFKQDk/IkwlQXlZ,V3MwJixWbjEwcFxfLFZlSg==,Sz9QYUhKZzEySF9EfkBTNA==,X0BHUXczMjVdUypWTGN5,ZFR5cFhISjl5RTZGWDd9,X3U0ejtIXTEwP3YtK0tlZQ==,MTlDYiFzRDEyYkh4ITJ6Yg==,R2UwKVw7PTUra2syR1pQ,a281KHFFSTMuaSprazdF,NzY/WzVOXTEyMEAuMipxbQ==
RlpBV1drfDNSTipWWyxq,cDJvfWBsYjEwR1gmcSt9Vg==,OSczWk9PKTZLXTwoQm9t,ajZLIUBxODVNZkMkeU0o,QVVzU087WTd4bk0rdUc6,XGU9TUd7RDNnUUhBQzJr,eHgnTWFqRjEwekNTWTYrIQ==,eid9XGctYjEybUhCITpVPg==,QkdOUGIrcDl6YEZ2MFs7,IXhhZWYlNjZ2RnlGUTB4
bzMqV3VGJzVEfS4pZn4v,bVorRVo5QjExT0YlYWMpSA==,dURlbHB1UjhuRlNeUlJM,aX1xTFNZMTEyaWcyZ2UxTQ==,bUU/eTpGXjVtaGhPOzFJ,dzZrXkdbPzUyYXtfSVF3,UFg2elgtZjM6aFFZOmpl,KURSXy9ZcjZvMUNGY1hj,U34oTGdieTM3VkFoXiZT,MHZ1N1B2UDEyY2hNa0ZeKA==
Ji1wRV17WDUqeG59RFVj,IyFUQHx4VzduITcoVytw,XnhxLilQVjNySHIqaycm,UitAfE46XjEwSi83XjRuMg==,VCM7PHgwcjRxXk5QIWN6,JF5eZmBYezU/WUVmISsw,REBXIjh0ZTVbWGw+ZVUl,UUAxJ35cdDVNc3JcbWBy,ZEVGTkwsQzklSzcoVU5P,UzY5eictJjZLY142RX46
LWorLC9JQDU2OEhITHV6,NS5JW1Y7fjVPfip3J2Jx,fHZtXT8sVTk0PiMhN3pk,Jz8iVnkjdjYwRC1JfCVw,alAubV44ZjV3eXFWKTpX,dDlydCNbdTlRRi5VJU4s,WDhvKEJTVTEyW3kpd25YMQ==,e3BXU1ZLXTk3Rmt1WStD,XEFYZGIzMjZeYGRIKy55,fCtgaCMyOTVbJC9dYX0l
djYtVUB2NTlcIndVbmZM,OnkyRUI1MjEyfCxGKj81Xw==,TiYjfFJOPjExUElgcydXdw==,ZWNzMCdZSjEyJ14nUllWOw==,LXB0NDA8WzkxVTxEOz4r,RyljdypxNTEwVzt3dy5NIQ==,cGohdmhfMzEwM05fT21VYg==,JG95JFJ0PDEwa21RKkhpRw==,MiYsejg5czgwVjtpZkZX,WH5Gc1ZsSjEyYndAcnYuYg==
V0R4YXJnRkZvciBtYXplMDguanBnUFJ7MDBAcw==,azwuLCZIczEwMHgvQSEibFw=
MntJQGRFMjNMakMnQnp+,cTY1VmlkYjIsTW1jfCsp,OzF8PH5APzEwe2ozSmBPWQ==,dylgcndgJzEwKj5RIUtxLQ==,QSgweng8ezEwUVxIYktsIw==,QEJLMUM1MTEwTnFHL109dg==,WHB5QS88LDZtWCdHJE5v,ZlpYWjYrIzExUEhgM0guTA==,U3AyfWBAJjJFS29CYm9p,W2NybnliJDYodEZEbzE3
YHd3UzVkMDU2Wjt6TGcv,RmQ+NlJ+STV7YlYuLmVx,aTBxfGZPSzM+MzptZDwq,WVUoQkNkXDEwUyNXNVFdXQ==,XEExelQvbDEwNSptS2ZnRw==,OHFVJHVXPjYsUHJtQkt6,cVpEYyRbYTlfME5WPkso,YnhNdnJlXTZ1TTQzUFRP,PU9kT0FhUzEzMFIjKEpfSA==,S3JyOkF2NjU4PSoiRXRB
e2s+Si4qNDVlVmt7WkZV,Jzkte01KTTlDfV08OW1U,dDBaUDElTThZVS8nZ2tD,TjE/di07LDEwXWRQODUiZg==,bFRlOHBQTjE0bXRUPkMwZg==,LHRjPVE6VTVyRC1iJm9b,czRSfjBeWTNAbUcvO2hC,QiYjNzVIXjgmP3xOXVZ4,XHIpaTlcTDEwdjsmTUUwSA==,bXJcXipoJzRgTDZ8JF47
ezB5RTRVdzV4JUs9SDFJ,V2p6eShTWTMsT25rPSE7,cXtnJCVlUjZ2LiJqS1Jf,IVdrbmNxPDNjZz5JQGJF,YmdkNTg0YzEwfUpmUzt4TA==,PlwnSE0pIjEyKyk9U2l+aw==,YSxISD9IcDEzI3Y0Yj1TbA==,bEF3OEc8MTN4TG1KXX5+,cnVvdlMpUzZFTVtMVkwl,dmAiXzojUzEzZnx8TXpDSA==
VytYS3h7IzlYLyk7biRU,I1JjfT5NZzEycDNmWT9lPA==,N1IiOkM7dDVkKUl2MCku,bGA5KW5jYDlGJXx9Q2BN,LXVNTUc4bzEwXVJIc3ZpLg==,TV0zQ3pSKjEwKTVcJWJkcA==,fmxxVmtCOjEwT3F7djtXVA==,c1g7N3IuWTEyPV52WDl9cg==,VVE2PGs3cjklW1E1eXk2,dHJFQlkrSDYnYGNHdnRI
PVlMUzJAbTNcY1h9RnVv,bkMjc1I6aDE0Xzs7KFg1bw==,Q1QzTzFZdjk0aVxJSV48,TiMnXDVLKjEwe11FQSZXNg==,JHtvfEFzKTEwOTtUe008ZA==,SyJOMCY7STEwdzwhKnhfQg==,MEkmRngwPzI9fWhUZFtJ,bTYlPH19MDE0T14vWzRXdg==,WjxpMiwyPTMtRU82blB2,bHZ4LFR4MzEybnBCLEcjcg==
dkgtL2MoczF+SCNoJHVj,Nlh9J2lUSjY3J1paKm0j,JW1oUnUyfTMkJjdiTit2,UnxOLjJWdzEwW1B6Y0QlLA==,ZGpDMChiYTJnfmpRXXFe,TkZre3RQXTE0WE9lXnxVLQ==,V2ttWXFkWzV1MWhLVUdL,WVJwM0x3PDN6cTdfO3BL,WG91KSdEKTEyYXspJ1Rjbg==,PkMrbygiXTdPO0FuJXcn
e19aQDZQRjVeNEN9d2Fp,NGEsVjNbUTlLRkkvfWNS,Qjl9WFx3TjEyRXNiNW5VTw==,WEhKVy04fjd7LSN2Jz1c,PHpVU1YvZjklXyE+W1R0,QncqRGpZXTEwJjlHaFh3Wg==,XW8wZUE5NTEyZE0wQFV+Qw==,YzJgekBNUjEzaDNFYTs3Kg==,a1UhKndTVDMzdyNHVThS,SjZubXBUMzRwR3lCZmJp
dnpfJSJzMjklbXJFV0Vh,cV10LWBKKDYnZHwiLXdB,JHtzJk4sRDMie0BPciVe,LURNQEdaeTRXSWU2Mlg6,dT9kJmx8ODNncHRrJ0xL,NXB1Vz5JPTEwc0hoUWxkRw==,R25GdTBKODEwQUh5PFdoQA==,e3lbZDMqTjZKKHF4e3Fu,bVAyUUcwaTEzZFdYTCJjYg==,XENLOGI9KzU4MyNuU30z
dHo+YC9uWzExVV11NVhDbw==,YmwlNC9JezguM24mZ3Fx,cnx3WmcpazEybDQ5Y208NQ==,WnVKW3xlRjlubntPengz,cjx6KUNhWTEycDxNWzQyOw==,dUZUVTtqQTExa11hPUw1JA==,aVxbUFpccDEwN25cdlNETg==,c2lFfFo8WzgpRy01QDsk,LmEtT2ZdXzEwdiJPUDwuaQ==,MydxZi9yUTEySml1VEtaeQ==
Wyw8bjNjLkZvciBtYXplMDkuanBndn5jXE8pRg==,bV9fW3s9dTEwMCIkaUlwKzk=
NV0hYzUjXjNLOG05WF8+,fWArLjdnZDJyTHFrP34q,cT46e0luTDEwZFZdPTF6Xg==,N3gkYTpuQTE0PnVwYjc4XA==,XjhpIiN8SjNnIiNYfSZv,KlpoInAnOjEwNWp6Vz08Rg==,PnI4QUFTQTEwOGJ9ZHoyRw==,IUo5STR4ZjY2QUp9QVFo,O0NfZSFlXzExSyYkXltmXg==,UGdab3NnQjYyKyZCfXJG
RCZ4b0InMTVvQHhnQDt1,Kzwpb2lmNDVoOkUmJUpB,UmtWZCFCUjExdXdLYHJwRg==,O1t2PnV0OzEwSTloX2YiTA==,fk1JKTpnVTEyN0l1Z102fA==,K3hxfTg5VDMiST9rQnhy,LS05dXpDWzE0d31dMHsybg==,NUxGQiM9ODk+OCNMRHg1,Ql9SY1ZhVDEwYVtcInk1XQ==,JnJTSUVmOjR2TC1OQiw9
djx7dDxSPDVKUGhFRFJ8,JTAhIVpjOzk+ckhuMFJY,IiZLcH5ucDZrMl9+WDxb,d15KNGptMDNFJTphSjQl,LH1sYHNzajEwT01ba0VqUQ==,azlffnBUTzhqbyVZPzVY,MFBGT2FqXzEwci0kZmEjXA==,M31WeUh1UDEwNExtRmg2Sg==,U2shT01pOTEwJ0xiZz9FPA==,fStZWihxNzEyTUwoUTxbZQ==
QStnInldbTVyIy8zKiNc,KShMOkd5VjM8QkdCU21S,NU5xPEMkQjRTS11nfGEy,Im9tSFtPUzlufj48ZlAw,IT9pN1lRLzZUMVdZPEp1,LjtNJ0pVLzMucFJyRi1b,bntTXUYkTDJXQ1gkaSFF,eEtTXUh0PjEwL1ElLz5kRg==,SyM5SSp3PTEwX35FTDEjfg==,NWpoLTpKLDE0T1t3bXYmTg==
JScmRWw7ITUjTjlLRGFe,em8oV09raTU8cz4maDZU,XWUxenxHQDV2TCxhK10m,QHd+cnxpXDMsWDkhRHNa,LFxII0F9XTEyajkrdSdCfA==,P3olU3VXajUyXFo5Myxy,fGZMc19WZDEzNC4ud0V8XQ==,IUdNIT1cOzNrelZ2Pjpy,Onl0UT9eWjEweHQyR3J9Zg==,WlR5TGZIMzZxPVBDW1Ul
NG19TCNydDUqMjQ5XT4n,cGxsWkdpbzUiREw6XiM3,UV1bIlkueTVCOkMhPiQ9,WDshKmNURDUuKURtWyVz,dS5DRSRJPzcnLjkqT1ZU,WytHVyF+VTFHYU0sN045,XTFxTH0vMDYiQD5bSiYn,b29ZYFpjaTU8a2NPTls1,JDR1LS9OIzNOUCNGUHg5,T1hqJUREKTQ2VWx7KEM6
cExXcy5dfjU7aUB0bEJB,ZCl+Onx1cTUycSp3TEM8,aVo8aFJJaTEzSzxbP0V9Vg==,RSlcMnY/IzVPVGJpRlFp,bzUuIXZENzksP2daUW90,fHUnZyttQjEyZkk1TDd3eA==,OiwmbnRuUDUsaGUqM3Fi,VHZ9NVwuPjVuKTFTN3ZO,TmR9aiROcjU5Pl8ue3V9,KV1qTWxcQjVwXignV2ZB
dVdjK2BhOzVhcD9Mblsu,Jm1Fdmk+VTkyMjBTSlRc,WF53WUBCazZlTV55M2xY,P01PLlxPazlaQkpzais1,RDZKNXAhWDZXK1J+UCNH,cVpcOXl7RTN8cSNEJitg,UGx5P3xhczEySjxodnYrcA==,e3JXUE95djU1fFIqYU9J,RG07SThwZTUzXHglOG83,RG4qKj5wNTVJK3N3UGlC
XFVxVnM4TTVJfnEiQVhp,PEk3NExnXzdXT0NZIy9r,JH0/JztMSDlTI2YmKGVp,W0JaNS9iejY9eSFxcHM8,KHwic2BHPDU3d3Z1UFVW,cE5cXHMzYTlLPG1sUUtm,O1M5QHZ8TjEwWGdhfVgtQA==,bztMclV9KzEyLW93eyQkIg==,VGg7KTlzQTVCWW89Kydq,JGNveXREcjVePnA5SWVb
d3JzSzVjQDklKUBeX1Ft,dG1LTVU7NjhkaVFBQzBx,LGNIN2QhPzE0KzdLdn5Ceg==,QTJKdipOYTllJ0I5W2oq,VV9qUy5ROjhgcE5TcWRd,Ozp8UydHQTEwciJHUnBubA==,NXh6KmVgPjEwOTwoNDZTLg==,Wz4xKi1JPTEwZ1l4XmQqKQ==,WVJbenNLYDEyWDpHT2JdZA==,NChSUCZjYzEza25jXEQzMA==
cXxSWDF2RERhdGUgYW5kIFRpbWUgb2YgZXhlY3V0aW9uOFdBenQxQQ==,SkQ8aGIjRzAyLTExLTIwMjAgMTM6Mzg6MDF0Pil7TW5t
